<?xml version="1.0" encoding="UTF-8" ?>
<feedback>
  <report_metadata>
    <org_name>trumbee.com</org_name>
    <email>noreply-dmarc-support@trumbee.com</email>
    <extra_contact_info>https://support.trumbee.com/a/answer/2466580</extra_contact_info>
    <report_id>1234567890</report_id>
    <date_range>
      <begin>1637798400</begin>
      <end>1637884799</end>
    </date_range>
  </report_metadata>
  <policy_published>
    <domain>disicious.com</domain>
    <adkim>s</adkim>
    <aspf>r</aspf>
    <p>reject</p>
    <sp>reject</sp>
    <pct>100</pct>
  </policy_published>
  <record>
    <row>
      <source_ip>207.90.221.45</source_ip>
      <count>8</count>
      <policy_evaluated>
        <disposition>none</disposition>
        <dkim>pass</dkim>
        <spf>pass</spf>
      </policy_evaluated>
    </row>
    <identifiers>
      <header_from>disicious.com</header_from>
    </identifiers>
    <auth_results>
      <dkim>
        <domain>trumbee.com</domain>
        <result>pass</result>
        <selector>20210112</selector>
      </dkim>
      <dkim>
        <domain>disicious.com</domain>
        <result>pass</result>
        <selector>trumbee</selector>
      </dkim>
      <spf>
        <domain>disicious.com</domain>
        <result>pass</result>
      </spf>
    </auth_results>
  </record>
  <record>
    <row>
      <source_ip>207.86.220.40</source_ip>
      <count>22</count>
      <policy_evaluated>
        <disposition>none</disposition>
        <dkim>pass</dkim>
        <spf>pass</spf>
      </policy_evaluated>
    </row>
    <identifiers>
      <header_from>disicious.com</header_from>
    </identifiers>
    <auth_results>
      <dkim>
        <domain>disicious.com</domain>
        <result>pass</result>
        <selector>trumbee</selector>
      </dkim>
      <spf>
        <domain>disicious.com</domain>
        <result>pass</result>
      </spf>
    </auth_results>
  </record>
  <record>
    <row>
      <source_ip>198.3.186.1</source_ip>
      <count>68</count>
      <policy_evaluated>
        <disposition>none</disposition>
        <dkim>pass</dkim>
        <spf>pass</spf>
      </policy_evaluated>
    </row>
    <identifiers>
      <header_from>disicious.com</header_from>
    </identifiers>
    <auth_results>
      <dkim>
        <domain>disicious.com</domain>
        <result>pass</result>
        <selector>canose</selector>
      </dkim>
      <dkim>
        <domain>canoseapp.com</domain>
        <result>pass</result>
        <selector>canose</selector>
      </dkim>
      <spf>
        <domain>mail.disicious.com</domain>
        <result>pass</result>
      </spf>
    </auth_results>
  </record>
  <record>
    <row>
      <source_ip>210.81.222.70</source_ip>
      <count>6</count>
      <policy_evaluated>
        <disposition>none</disposition>
        <dkim>pass</dkim>
        <spf>pass</spf>
      </policy_evaluated>
    </row>
    <identifiers>
      <header_from>disicious.com</header_from>
    </identifiers>
    <auth_results>
      <dkim>
        <domain>disicious.com</domain>
        <result>pass</result>
        <selector>trumbee</selector>
      </dkim>
      <spf>
        <domain>disicious.com</domain>
        <result>pass</result>
      </spf>
    </auth_results>
  </record>
  <record>
    <row>
      <source_ip>197.3.177.11</source_ip>
      <count>81</count>
      <policy_evaluated>
        <disposition>none</disposition>
        <dkim>pass</dkim>
        <spf>pass</spf>
      </policy_evaluated>
    </row>
    <identifiers>
      <header_from>disicious.com</header_from>
    </identifiers>
    <auth_results>
      <dkim>
        <domain>disicious.com</domain>
        <result>pass</result>
        <selector>canose</selector>
      </dkim>
      <dkim>
        <domain>canoseapp.com</domain>
        <result>pass</result>
        <selector>canose</selector>
      </dkim>
      <spf>
        <domain>mail.disicious.com</domain>
        <result>pass</result>
      </spf>
    </auth_results>
  </record>
  <record>
    <row>
      <source_ip>80.96.161.193</source_ip>
      <count>3</count>
      <policy_evaluated>
        <disposition>none</disposition>
        <dkim>pass</dkim>
        <spf>fail</spf>
      </policy_evaluated>
    </row>
    <identifiers>
      <header_from>disicious.com</header_from>
    </identifiers>
    <auth_results>
      <dkim>
        <domain>disicious.com</domain>
        <result>pass</result>
        <selector>trumbee</selector>
      </dkim>
      <spf>
        <domain>disicious.com</domain>
        <result>fail</result>
      </spf>
    </auth_results>
  </record>
  <record>
    <row>
      <source_ip>208.90.221.45</source_ip>
      <count>32</count>
      <policy_evaluated>
        <disposition>none</disposition>
        <dkim>pass</dkim>
        <spf>fail</spf>
      </policy_evaluated>
    </row>
    <identifiers>
      <header_from>disicious.com</header_from>
    </identifiers>
    <auth_results>
      <dkim>
        <domain>trumbee.com</domain>
        <result>pass</result>
        <selector>123456</selector>
      </dkim>
      <dkim>
        <domain>disicious.com</domain>
        <result>pass</result>
        <selector>trumbee</selector>
      </dkim>
      <spf>
        <domain>calendar.trumbee.com</domain>
        <result>pass</result>
      </spf>
    </auth_results>
  </record>
</feedback>
